그룹,videoId,제목,채널,조회수,좋아요,댓글수,영상길이,게시일,썸네일
코스피 5000,DQxhffh4kUs,"""코스피 5,000 되면 누굴 보고 싶냐면"" #Shorts (MBC뉴스)",MBCNEWS,1953378,48585,6385,PT2M20S,2026-01-19T06:46:17Z,https://i.ytimg.com/vi/DQxhffh4kUs/mqdefault.jpg
코스피 5000,Zm3qkfKDzaU,코스피 5000 조롱했던 경제유튜버 슈~ ... 이런건 박제 해야지,빛의 혁명:The Revolution of Light,1912067,55140,2710,PT1M3S,2026-01-24T23:40:14Z,https://i.ytimg.com/vi/Zm3qkfKDzaU/mqdefault.jpg
코스피 5000,ZWU1GbGs6q8,"박근혜, 이준석이 다급한 이유? (코스피5000, 합당제안) | 풀버전",[팟빵] 최욱의 매불쇼,1740773,103711,2384,PT3H38M30S,2026-01-22T08:39:17Z,https://i.ytimg.com/vi/ZWU1GbGs6q8/mqdefault.jpg
코스피 5000,QSihBAbONUg,"이준석, 코스피 5,000돌파에~ 폭망~! 이준석의 셀프 저주~!",이슈카톡,1692241,53477,5855,PT39S,2026-01-22T02:32:46Z,https://i.ytimg.com/vi/QSihBAbONUg/mqdefault.jpg
코스피 5000,U7rLN5buXnM,'5만장' 찢고 '5천' 코웃음.. 박제된 '레전드 발언' [뉴스.zip/MBC뉴스],MBCNEWS,1218785,17511,7425,PT9M14S,2026-01-24T00:30:24Z,https://i.ytimg.com/vi/U7rLN5buXnM/mqdefault.jpg
코스피 5000,JWETbsXKUnw,"'코스피 5,000' 실제 넘기자 ""기대한 모습과 달라"" #Shorts (MBC뉴스)",MBCNEWS,767150,12258,5347,PT1M32S,2026-01-23T08:50:18Z,https://i.ytimg.com/vi/JWETbsXKUnw/mqdefault.jpg
코스피 5000,pQ7AXzgTv4I,"""코스피 5,000? 허황된 구호"" 그런데 실제로 일어났다 [뉴스.zip/MBC뉴스]",MBCNEWS,667456,21043,6404,PT4M37S,2026-01-22T01:25:17Z,https://i.ytimg.com/vi/pQ7AXzgTv4I/mqdefault.jpg
코스피 5000,IuyuIt1UhCM,"코스피 5000, 하지만 절반이 주식으로 돈 잃었다… 50초 안에 설명하기",꽉TV,653803,24403,1563,PT58S,2026-01-24T00:00:32Z,https://i.ytimg.com/vi/IuyuIt1UhCM/mqdefault.jpg
코스피 5000,XS2VL5i5aeo,[경축]코스피 5000 돌파 기념... 또 들어도 재미있는 쌉소리들,빛의 혁명:The Revolution of Light,645445,20257,1838,PT1M10S,2026-01-22T03:46:29Z,https://i.ytimg.com/vi/XS2VL5i5aeo/mqdefault.jpg
코스피 5000,mXKWjH8Yw_4,"5000 눈앞이라지만… 코스피 주가 폭등의 진실, 50초 안에 설명하기",꽉TV,641772,27629,775,PT1M3S,2026-01-20T07:11:08Z,https://i.ytimg.com/vi/mXKWjH8Yw_4/mqdefault.jpg
코스피 5000,T-Nm1OYxFo8,"코스피 5,000이 문제?? 역대급 똥볼 콤비 이준석X장동혁 #shorts",어쩌다 만든 뉴스,636275,14061,872,PT41S,2026-01-22T08:45:00Z,https://i.ytimg.com/vi/T-Nm1OYxFo8/mqdefault.jpg
코스피 5000,S-aeF4m5ap8,"""설마"" 했던 '코스피 5000' 이젠 ""급락 염려?"" 묻자.. #Shorts (MBC뉴스)",MBCNEWS,596009,9463,1260,PT1M31S,2026-01-21T06:05:41Z,https://i.ytimg.com/vi/S-aeF4m5ap8/mqdefault.jpg
코스피 5000,8VoTGZDkKsY,"""대통령, 여당 코스피 5000 특위 오찬"" 이소영 의원이 제안한 법안은?",정치소록,565632,13590,108,PT1M6S,2026-01-22T12:46:09Z,https://i.ytimg.com/vi/8VoTGZDkKsY/mqdefault.jpg
코스피 5000,b9JOrkWMjb0,"""코스피 5000? 어떻게 가냐는 질문에 이재명이 내놓은 해답"" #진중권#코스피5000#이재명#코리아디스카운트#주식투",뉴스파묘,531069,11665,642,PT1M11S,2026-01-21T22:15:04Z,https://i.ytimg.com/vi/b9JOrkWMjb0/mqdefault.jpg
코스피 5000,lT9TyFwWDZQ,이재명 대통령이 해냈다 코스피 5000을 돌파 할수 있었던 2가지 이유 #이재명 #더불어민주당,정치한줄,491718,24282,778,PT1M,2026-01-22T03:39:58Z,https://i.ytimg.com/vi/lT9TyFwWDZQ/mqdefault.jpg
코스피 5000,6HKeyJxoWlw,"[뉴스 '꾹'] '코스피 5,000' 실제 넘기자 나경원 반응 나왔는데.. (2026.01.23/MBC뉴스)",MBCNEWS,486505,6463,6425,PT1M43S,2026-01-23T08:42:38Z,https://i.ytimg.com/vi/6HKeyJxoWlw/mqdefault.jpg
코스피 5000,vxCSIA_aA_Y,코스피5000시대.. 오랜만에 계좌 열어보고.. 한강 왔습니다.. (ft. 주식 수익 대공개),미자네 주막,468203,14451,896,PT18M50S,2026-01-23T11:00:06Z,https://i.ytimg.com/vi/vxCSIA_aA_Y/mqdefault.jpg
코스피 5000,sNVsLzNEHQE,코스피 5000에 웃지 않은 대통령! (대통령 만난 이소영) [코너별 다시보기],[팟빵] 최욱의 매불쇼,465134,16548,1332,PT46M28S,2026-01-22T10:36:30Z,https://i.ytimg.com/vi/sNVsLzNEHQE/mqdefault.jpg
코스피 5000,jci8FcCsbr0,역시 이재명 !! #이재명 #코스피5000 #이준석 #김문수 #척척석사,폴리버스,442203,13698,1462,PT1M15S,2026-01-22T01:03:36Z,https://i.ytimg.com/vi/jci8FcCsbr0/mqdefault.jpg
코스피 5000,DExV_ZPXoE0,코스피 5000 찍으면... 이준석 ㆍ진중권 보고싶을거 같아요!,진보이슈펀치,411303,9485,312,PT41S,2026-01-20T07:50:01Z,https://i.ytimg.com/vi/DExV_ZPXoE0/mqdefault.jpg
코스피 5000,CfwMGti3oss,"[오늘 이 뉴스] ""설마"" 했던 '코스피 5000' 이젠 ""급락 염려?"" 묻자.. (2026.01.21/MBC뉴스)",MBCNEWS,382272,7032,2304,PT8M22S,2026-01-21T03:55:19Z,https://i.ytimg.com/vi/CfwMGti3oss/mqdefault.jpg
코스피 5000,2zHM1In1fVA,To. 코스피 5천 불가능이라던 사람들에게,한준호tv,346133,15904,626,PT46S,2026-01-22T08:01:03Z,https://i.ytimg.com/vi/2zHM1In1fVA/mqdefault.jpg
코스피 5000,4NixE7o5to0,코스피 5000시대 지금부터는 조심하세요!,증시각도기TV,314704,2833,195,PT37S,2026-01-23T01:20:56Z,https://i.ytimg.com/vi/4NixE7o5to0/mqdefault.jpg
코스피 5000,SXwNW3qkXzI,"코스피 5000 돌파, 역사적 기회일까, 위험일까?ㅣ존리의 머니스쿨",존리의 부자학교,311630,7723,374,PT29M56S,2026-01-22T11:40:00Z,https://i.ytimg.com/vi/SXwNW3qkXzI/mqdefault.jpg
코스피 5000,KMrGNbl9lBY,#코스피5000 비웃던 #진중권 #나경원 #이준석 등 [잼뉴] #잼있는뉴스,잼있는뉴스,290582,6819,483,PT1M57S,2026-01-22T03:23:57Z,https://i.ytimg.com/vi/KMrGNbl9lBY/mqdefault.jpg
코스피 5000,e9KIaRNHtlY,경축 코스피 5000 기념 나빠루 박제영상,상식의시선,270090,6842,1163,PT41S,2026-01-22T06:45:05Z,https://i.ytimg.com/vi/e9KIaRNHtlY/mqdefault.jpg
코스피 5000,rW1btJnOfCg,코스피 5000고지 코 앞! 삼전닉스 이을 '주도주'는 이것!!,장르만 여의도,220609,3741,239,PT24M42S,2026-01-20T09:30:00Z,https://i.ytimg.com/vi/rW1btJnOfCg/mqdefault.jpg
코스피 5000,cdWIbiy67_o,"[풀버전] 미국보다 한국에 기회가 많다. 코스피 5천, 문제는 지금부터 시작이다 '코스피 대전환의 조건' | 경읽남과 토론합시다 | 이광수 대표",경제 읽어주는 남자(김광석TV),180043,6651,623,PT1H14M3S,2026-01-25T09:00:55Z,https://i.ytimg.com/vi/cdWIbiy67_o/mqdefault.jpg
코스피 5000,uua9eA3V3ZY,[지금뉴스] 매수로 보여줬던 ‘코스피 5000’ 공약…이 대통령 ETF 수익률 ‘대박’ / KBS 2026.01.22.,KBS News,162214,1781,1118,PT2M6S,2026-01-22T07:51:31Z,https://i.ytimg.com/vi/uua9eA3V3ZY/mqdefault.jpg
코스피 5000,y0bc8mudkNg,[경제만화방] '코스피 5000' 일등공신은 누구? / 현대차·바이오주 대응전략 (ft. 박시동),박시영TV,148066,9132,229,PT1H15M20S,2026-01-23T10:00:06Z,https://i.ytimg.com/vi/y0bc8mudkNg/mqdefault.jpg
코스피 5000,XapM_Nts4sM,코스피 5000을 조롱했던 경제 유튜버? #사장남천동 #오창석 #거의없다 #임경빈  #코스피 #주식,전포동산만디박사장,146139,3068,150,PT1M17S,2026-01-23T13:46:56Z,https://i.ytimg.com/vi/XapM_Nts4sM/mqdefault.jpg
코스피 5000,bFEroTyyc2E,코스피 5000 직전 등장한 인구신,다들알다시피,140631,1033,248,PT28S,2026-01-19T15:59:46Z,https://i.ytimg.com/vi/bFEroTyyc2E/mqdefault.jpg
코스피 5000,btCEPorTQ6k,"코스피 5000 현실됐다, 단, 삼성전자·SK하이닉스, ‘이 신호’ 뜨면 반드시 매도하세요 (이권희 대표 / 1부)",신사임당,135412,3049,76,PT17M11S,2026-01-22T07:30:18Z,https://i.ytimg.com/vi/btCEPorTQ6k/mqdefault.jpg
코스피 5000,d652PNhA5TA,코스피 5000 기념 긴급 라이브,머니코믹스 Money Comics,133111,2537,236,PT41M3S,2026-01-22T04:24:52Z,https://i.ytimg.com/vi/d652PNhA5TA/mqdefault.jpg
코스피 5000,JeohhRhSQyU,코스피 5000 효과... 연기금 고갈 안돼.. 이준석식 공포 마케팅도 종말,빛의 혁명:The Revolution of Light,132276,7413,271,PT1M,2026-01-24T11:04:28Z,https://i.ytimg.com/vi/JeohhRhSQyU/mqdefault.jpg
코스피 5000,C0xcwx2R7ZI,"코스피 5,000! 지금 들어가면 위험할까?",경제덕후 언쌤,129753,1434,157,PT2M36S,2026-01-22T09:44:29Z,https://i.ytimg.com/vi/C0xcwx2R7ZI/mqdefault.jpg
코스피 5000,j15sDwxKCpM,"국힘 '코스피 5,000 이재명 반성해라' 뭐??????",이슈카톡,124192,5423,1446,PT44S,2026-01-23T02:24:43Z,https://i.ytimg.com/vi/j15sDwxKCpM/mqdefault.jpg
코스피 5000,pYdcU_oPMFM,"코스피 5000 시대가 열렸다, 지금은 현금도 투자입니다 (윤지호 경제평론가)",김작가 TV,122461,2333,178,PT20M3S,2026-01-24T12:15:18Z,https://i.ytimg.com/vi/pYdcU_oPMFM/mqdefault.jpg
코스피 5000,njZ2PQMcPSY,코스피 5000은 끝이 아니다 '2월 주가 폭락설?' / 알테오젠  투매의 진실.. 쌍바닥 찍은 이주식 | 이권희 대표,815머니톡,121310,3274,101,PT23M44S,2026-01-22T06:32:56Z,https://i.ytimg.com/vi/njZ2PQMcPSY/mqdefault.jpg
코스피 5000,CVCJwtEOTZQ,사상 최대의 자본이동   코스피 5000~6000시대 핵심 주도주 정체,경제사냥꾼,106682,4018,241,PT12M3S,2026-01-22T10:25:59Z,https://i.ytimg.com/vi/CVCJwtEOTZQ/mqdefault.jpg
코스피 5000,_FmmRrEwwG8,"(속보) 코스피 5000 성공, 예상 이유와 이제 조심해야 할 것",전인구경제연구소,105455,3391,322,PT9M36S,2026-01-22T00:48:10Z,https://i.ytimg.com/vi/_FmmRrEwwG8/mqdefault.jpg
코스피 5000,fTqYrF-tq6Y,"코스피 5000 시대, 한국 자산 격차가 폭발하는 이유 : 주가 상승의 역설, 빈부격차는 왜 더 커질까? | 경읽남과 토론합시다 | 이광수 대표 1편",경제 읽어주는 남자(김광석TV),102662,4596,573,PT21M31S,2026-01-20T09:00:59Z,https://i.ytimg.com/vi/fTqYrF-tq6Y/mqdefault.jpg
코스피 5000,jxatGiv9HTU,"코스피 5000 목전에 급격 하락 가능성? ""그건 논리 모순"" 기자 질문 칼반박",엠키타카 MKTK,98182,2719,848,PT9M36S,2026-01-21T03:28:44Z,https://i.ytimg.com/vi/jxatGiv9HTU/mqdefault.jpg
코스피 5000,fwPTyj9X0GQ,[#탁현민의더뷰티플] 코스피 5000 못간다 했던 사람 누구? | 2026년 1월 25일 일요일 | 다시 130회,김어준의 겸손은힘들다 뉴스공장,97621,5929,55,PT1H58M4S,2026-01-25T03:00:15Z,https://i.ytimg.com/vi/fwPTyj9X0GQ/mqdefault.jpg
코스피 5000,hnhunqzvXV4,[속보] 코스피 개장직후 사상 첫 5000선 돌파..1년전 보다 2배 가까이 올라..李 대통령 공약 8개월만에 현실로 - [MBC 뉴스속보]  MBC뉴스 2026년 01월 22일,MBCNEWS,91949,1667,10,PT11H55M,2026-01-22T13:41:20Z,https://i.ytimg.com/vi/hnhunqzvXV4/mqdefault.jpg
코스피 5000,zJBlY11fRaY,"[오늘 이 뉴스] 코스피 5,000 장중 돌파 (2026.01.22/MBC뉴스)",MBCNEWS,91300,3430,1221,PT1M3S,2026-01-22T00:37:23Z,https://i.ytimg.com/vi/zJBlY11fRaY/mqdefault.jpg
코스피 5000,DDfg7L5GdbU,"코스피 5천 돌파, 나경원 드디어 등판 ""현금 살포, 연기금 동원해 지수 밀어 올려""｜지금 이 뉴스",JTBC News,90681,2029,3297,PT1M56S,2026-01-23T07:24:36Z,https://i.ytimg.com/vi/DDfg7L5GdbU/mqdefault.jpg
코스피 5000,3S2NySQF4Yc,"""국장 탈출은 지능순?"" 코스피 5000시대를 맞이하는 우리의 자세 #박시동",시동위키,80455,5013,206,PT18M56S,2026-01-22T08:00:08Z,https://i.ytimg.com/vi/3S2NySQF4Yc/mqdefault.jpg
코스피 5000,V4arTH8tAQ4,"코스피 장중 5,000선 돌파…""사상 최초"" 들썩 / SBS",SBS 뉴스,74580,876,1560,PT2M16S,2026-01-22T01:03:09Z,https://i.ytimg.com/vi/V4arTH8tAQ4/mqdefault.jpg
코스피 5000,YzAyqI5m_AE,"코스피 5,000p 고점 신호, 조정을 대비해야 합니다. (김영익) | 인포맥스라이브 260122",연합뉴스경제TV,64890,1147,0,PT27M56S,2026-01-22T12:56:51Z,https://i.ytimg.com/vi/YzAyqI5m_AE/mqdefault.jpg
코스피 6000,k47FvUvyeV4,"코스피 6000 돌파 기념, '조롱어게인'... 뭐라고?",빛의 혁명:The Revolution of Light,2341575,76363,5437,PT1M13S,2026-02-26T02:15:00Z,https://i.ytimg.com/vi/k47FvUvyeV4/mqdefault.jpg
코스피 6000,bULcrlKGF6s,코스피 6000의 진실,1waynews 한길뉴스,646730,30920,992,PT1M5S,2026-02-25T13:45:11Z,https://i.ytimg.com/vi/bULcrlKGF6s/mqdefault.jpg
코스피 6000,UTLCfcdDftQ,코스피 6000 달성으로 국힘이 양치기 소년이 된 이유,시사맛집,413900,11655,75,PT1M11S,2026-02-25T15:30:21Z,https://i.ytimg.com/vi/UTLCfcdDftQ/mqdefault.jpg
코스피 6000,r1pJqxNQEaQ,"코스피 6000시대, 곱버스에서 헤매는 사람들 아직도 부지기수. 공약은 5000... 6000은 공약 위반?",빛의 혁명:The Revolution of Light,394806,11811,645,PT1M2S,2026-02-25T10:02:59Z,https://i.ytimg.com/vi/r1pJqxNQEaQ/mqdefault.jpg
코스피 6000,YI-nqLVDJkA,재래식 언론이 코스피 6000을 대하는 자세... “사지마.. 위험해”,빛의 혁명:The Revolution of Light,368718,12503,306,PT1M7S,2026-02-26T07:06:10Z,https://i.ytimg.com/vi/YI-nqLVDJkA/mqdefault.jpg
코스피 6000,UZ8xFg9Uj7o,70대도 넘어 오는 거야 #이재명 #코스피 6000 #코스피 7000 #삼성전자,폴리버스,333596,6358,173,PT39S,2026-02-26T06:34:34Z,https://i.ytimg.com/vi/UZ8xFg9Uj7o/mqdefault.jpg
코스피 6000,e-2voY_H-2o,"코스피 6000 넘었다. 지금은 무조건 이 ETF 모아가세요. S&P500, 나스닥 아닙니다 (존리 대표 풀버전)",머니판다 - 돈에 대한 모든 것을 판다,271790,4364,295,PT35M46S,2026-02-23T08:00:48Z,https://i.ytimg.com/vi/e-2voY_H-2o/mqdefault.jpg
코스피 6000,2rYDPYBmW30,"[뉴스하이킥] 거침없는 코스피, 드디어 6000 돌파...이제는 진짜 고점? 아직 아니다? - 곽상준, MBC 260225 방송",MBC 라디오 시사,261163,3691,495,PT19M40S,2026-02-25T11:04:31Z,https://i.ytimg.com/vi/2rYDPYBmW30/mqdefault.jpg
코스피 6000,UP7kpRiYF24,코스피 6000에 눈먼 국민? 이런 말이 나오는 이유가,정.길.희 정치의길은희망,245910,4574,63,PT57S,2026-02-26T14:56:21Z,https://i.ytimg.com/vi/UP7kpRiYF24/mqdefault.jpg
코스피 6000,wSlWDY8IxIc,"나경원 ""5000은 신기루"" 장동혁 ""절대 달성 못 해"" 코스피 6000 돌파에 소환되는 국민의힘 발언들｜지금 이 장면",JTBC News,186184,2814,1898,PT1M55S,2026-02-26T03:10:03Z,https://i.ytimg.com/vi/wSlWDY8IxIc/mqdefault.jpg
코스피 6000,EbQs0zkzo0I,"[속보]李,코스피6000업적? 충격 진실영상 화제",한국의 함성,180295,9250,453,PT1M1S,2026-02-26T13:07:06Z,https://i.ytimg.com/vi/EbQs0zkzo0I/mqdefault.jpg
코스피 6000,AlsbvmVBX8k,코스피 6000 시대 삼성전자로 돈 벌면 세금 없나요?! [국내 주식 양도세],세금은 택스퀸,169353,693,61,PT21S,2026-02-26T04:16:31Z,https://i.ytimg.com/vi/AlsbvmVBX8k/mqdefault.jpg
코스피 6000,apCey248wpU,코스피 6000 돌파! 근데 혹시 지금이 비수기란 것 알고 계시나요? 이광수 대표가 진보시민을 위해 전하는 코스피 투자 진심 조언 I 최경영TV,최경영TV,169138,6432,337,PT17M52S,2026-02-26T09:08:43Z,https://i.ytimg.com/vi/apCey248wpU/mqdefault.jpg
코스피 6000,2uVEjmgnmiA,"나경원 ""5000은 신기루"" 장동혁 ""절대 달성 못 해"" 코스피 6000 돌파에 소환되는 국민의힘 발언들 [이슈PLAY] / JTBC News",JTBC News,163989,1079,596,PT15M30S,2026-02-26T23:03:20Z,https://i.ytimg.com/vi/2uVEjmgnmiA/mqdefault.jpg
코스피 6000,NS3_4U-M_kc,"코스피 6000 돌파, 앞으로 여길 주목하세요 #존리",부티플 - 부의 배수를 높여라,157688,1268,9,PT48S,2026-02-28T05:00:21Z,https://i.ytimg.com/vi/NS3_4U-M_kc/mqdefault.jpg
코스피 6000,gTtMyUzQRE0,"뉴스 앞차기 ep.284-코스피 6000?…이재명 대통령 ‘공약 파기 논란’ - 황희두&기추자, [권순표의 뉴스하이킥], MBC 260225 방송",MBC 라디오 시사,146497,4145,130,PT30M24S,2026-02-25T10:43:35Z,https://i.ytimg.com/vi/gTtMyUzQRE0/mqdefault.jpg
코스피 6000,oA-bbG4w3Pg,"코스피 6,000에서 ‘개미’가 제일 많이 망하는 순간",plainratio,144144,1920,2,PT28S,2026-02-26T00:52:50Z,https://i.ytimg.com/vi/oA-bbG4w3Pg/mqdefault.jpg
코스피 6000,_npjtnx0XOY,코스피 6000 버블장을 넘어선 '환장'을 아시나요? #증시각도기,증시각도기TV,144053,1584,106,PT29S,2026-02-26T01:02:58Z,https://i.ytimg.com/vi/_npjtnx0XOY/mqdefault.jpg
코스피 6000,05LIpnzj1tA,"코스피 6000에 환호하는 한국, 다가오는 이란 전쟁 / 금융투자사는 무슨 돈으로 1000p를 올렸나? - 문서진의 경제포커스 [이것이 뉴스다]",펜앤마이크TV,133266,5682,279,PT32M58S,2026-02-25T11:32:32Z,https://i.ytimg.com/vi/05LIpnzj1tA/mqdefault.jpg
코스피 6000,sahwAVyKQ3s,코스피 6000 시대 개막!? 코리아 디스카운트도 끝났다 #코스피 #주식 #이재명 #대통령 #끝장뉴스,뉴스토마토,126216,4498,102,PT1M22S,2026-02-24T13:02:30Z,https://i.ytimg.com/vi/sahwAVyKQ3s/mqdefault.jpg
코스피 6000,HiJ2cfeMGW4,"코스피 6,000 시대.. 한심한 국힘 근황 #최욱",민주숏폼 어설텍,125985,3045,282,PT52S,2026-02-26T06:32:00Z,https://i.ytimg.com/vi/HiJ2cfeMGW4/mqdefault.jpg
코스피 6000,173hl5icFBc,[엠스피드 ] 코스피 6000 시대에 재 뿌리는 언론사? 260225 MBC,MBC 라디오 시사,109013,3667,156,PT1M43S,2026-02-25T01:30:02Z,https://i.ytimg.com/vi/173hl5icFBc/mqdefault.jpg
코스피 6000,ihcvDdMwF4c,코스피 6000도 코앞 / 이언주 거짓말 하루 만에 들통 / 자멸하는 내란범들 등 + 이성윤 의원,[공식] 새날,100633,10470,289,PT2H23M18S,2026-02-24T09:49:49Z,https://i.ytimg.com/vi/ihcvDdMwF4c/mqdefault.jpg
코스피 6000,O4czGu5_y64,2/26(목) ‘잘하고 있다’와 ‘찰떡공조’(박순봉·김준일) 코스피 6000(윤지호) ‘뉴이재명’ 지지층 균열?(윤태곤) 토론⚖️ 사법개혁 3법(노희범·김정철) [박성태의 뉴스쇼],박성태의 뉴스쇼,97718,1931,22,PT1H54M9S,2026-02-26T00:26:20Z,https://i.ytimg.com/vi/O4czGu5_y64/mqdefault.jpg
코스피 6000,d6W_FSCFzBA,"코스피 6000 안착, 이준석은 인버스?",인물이슈,97317,8001,1130,PT1M15S,2026-02-26T09:00:53Z,https://i.ytimg.com/vi/d6W_FSCFzBA/mqdefault.jpg
코스피 6000,cNlADTafjas,"[대안뉴스] 코스피 6000 시대 개막! 외신은 축하하는데, 한국 언론은 왜 다를까?",대안뉴스,82586,7200,32,PT1H38M47S,2026-02-26T02:38:22Z,https://i.ytimg.com/vi/cNlADTafjas/mqdefault.jpg
코스피 6000,84XJK6v-QAY,(경제한스푼) 코스피 6000 돌파! 삼전 34만 하닉 170만 전망까지 / 자사주 의무소각 국회 통과  / 트럼프 상호관세 무효 앞으로 어떻게 되나? #박시동,시동위키,80813,8271,373,PT1H15M18S,2026-02-25T11:10:42Z,https://i.ytimg.com/vi/84XJK6v-QAY/mqdefault.jpg
코스피 6000,EKjosGRur0Q,"[빠른뉴스 쨉] 신동욱, ""코스피 6000때문에 나라 무너지는 것 국민들이 몰라""",뉴스TVCHOSUN,70133,936,800,PT2M8S,2026-02-26T04:26:54Z,https://i.ytimg.com/vi/EKjosGRur0Q/mqdefault.jpg
코스피 6000,oG1x5VYAycs,"코스피 6,000피 견인!현대차 그룹 동반 급등! 피지컬 AI,로봇 관련주",K-월가,63916,70,0,PT6S,2026-02-25T10:01:20Z,https://i.ytimg.com/vi/oG1x5VYAycs/mqdefault.jpg
코스피 6000,li23uT32H70,코스피 6000 직전 149조 하락 베팅? #국내증시 #주가전망 #경제뉴스,광기의 차트극장,59950,387,27,PT51S,2026-02-24T17:01:48Z,https://i.ytimg.com/vi/li23uT32H70/mqdefault.jpg
코스피 6000,146UMLO58Uo,"[함께소통하기] 2월 25일, 코스피 6000 돌파!",염블리와 함께 [LS증권],56146,2699,93,PT1H24M34S,2026-02-25T02:50:12Z,https://i.ytimg.com/vi/146UMLO58Uo/mqdefault.jpg
코스피 6000,b3-d9sL8IHU,"[속보] 코스피 6,000선 돌파 '꿈의 6천피 시대' 사상 최고치 - [MBC 뉴스속보] MBC뉴스 2026년 02월 25일",MBCNEWS,51766,1069,11,PT18M24S,2026-02-25T15:07:39Z,https://i.ytimg.com/vi/b3-d9sL8IHU/mqdefault.jpg
코스피 6000,N82nQ6l6PJ4,"""코스피 6000 깨지기전 꼭 확인하세요"" 110조 매도 폭탄의 정체, 범인은 사람이 아닙니다.",지식타파,48623,2109,128,PT24M34S,2026-02-26T21:00:23Z,https://i.ytimg.com/vi/N82nQ6l6PJ4/mqdefault.jpg
코스피 6000,ca42068XxOU,"코스피 6,000의 불편한 진실",경제왕 김피비,46246,1958,209,PT15M28S,2026-02-27T02:00:43Z,https://i.ytimg.com/vi/ca42068XxOU/mqdefault.jpg
코스피 6000,EimH9bUOdck,"코스피 6000 시대, 장성철의 울부짖음",경향TV,42171,1853,144,PT1M57S,2026-02-25T13:30:14Z,https://i.ytimg.com/vi/EimH9bUOdck/mqdefault.jpg
코스피 6000,QWQgsDbW4t8,"""반도체 못 사신 분들 꼭 보세요"" 코스피 6000 이후 외국인들이 조용히 쓸어 담는 '4가지 종목' 정확히 알려드립니다",머니클래스 - 경제적 자유를 향하여,38007,1388,36,PT30M6S,2026-02-26T04:32:27Z,https://i.ytimg.com/vi/QWQgsDbW4t8/mqdefault.jpg
코스피 6000,HgRap050z5w,"[오늘 이 뉴스] 코스피 6,000 장중 돌파 (2026.02.25/MBC뉴스)",MBCNEWS,34056,2088,499,PT1M9S,2026-02-25T00:46:35Z,https://i.ytimg.com/vi/HgRap050z5w/mqdefault.jpg
코스피 6000,rgv7BDvoXzw,"""전 재산 국장에 몰빵할 때인가요?"" 코스피 6000 시대 개막, 이건 거품이 아니라 '회장님들의 비자금 창고'가 털렸기 때문입니다. (자사주 소각의 충격적 진실)",코 앞의 경제 (자산 방어 전략),32204,1338,97,PT24M32S,2026-02-22T04:15:08Z,https://i.ytimg.com/vi/rgv7BDvoXzw/mqdefault.jpg
코스피 6000,FwNNny_c8O0,"""코스피 6,000 시대? 하지만..."" 국민연금 회의록 비공개, 현 정부의 목적은 무엇일까? (feat. 연임제 개헌)",윤석종,31288,1778,257,PT9M18S,2026-02-22T15:48:50Z,https://i.ytimg.com/vi/FwNNny_c8O0/mqdefault.jpg
코스피 6000,Cw_iV6yb_n8,[엠스피드] 코스피 6000에.. 국힘은 상법 개정안 필리버스터 중 260225 MBC,MBC 라디오 시사,30887,1269,112,PT1M51S,2026-02-25T02:30:20Z,https://i.ytimg.com/vi/Cw_iV6yb_n8/mqdefault.jpg
코스피 6000,3SSIT66EhXQ,상법개정반대 필리버스터 상관없이 코스피 6000 돌파!! 민생법안이든 뭐든 무조건 시간만 끄는 국민의힘 ㅠㅠ #코스피6000 #상법개정 #필리버스터 #코스피 #국민의힘,정의와공정,30088,1826,18,PT33S,2026-02-27T03:00:05Z,https://i.ytimg.com/vi/3SSIT66EhXQ/mqdefault.jpg
코스피 6000,tSXkj2Omz34,"[속보효] 코스피 6000 돌파… 7,900 논리까지 바로 공개합니다",이효석아카데미,29753,1085,52,PT17M47S,2026-02-25T02:27:32Z,https://i.ytimg.com/vi/tSXkj2Omz34/mqdefault.jpg
코스피 6000,kzZf5YyYR7I,코스피6000돌파 최욱 반응 모음,최욱에 반하다,29481,896,84,PT20M35S,2026-02-25T09:54:09Z,https://i.ytimg.com/vi/kzZf5YyYR7I/mqdefault.jpg
코스피 6000,bj7bJjY717M,코스피 6000 뚫었는데 국민의힘은 뭘 하고 있냐면,정치요약,27560,2103,22,PT1M1S,2026-02-25T05:36:17Z,https://i.ytimg.com/vi/bj7bJjY717M/mqdefault.jpg
코스피 6000,zhFneasSz7g,"코스피 6000돌파📈 남들 다 돈 버는데, 내 월급은 휴지조각이 되고 있다",근본의사 김동욱,25152,780,57,PT17M48S,2026-02-25T10:15:06Z,https://i.ytimg.com/vi/zhFneasSz7g/mqdefault.jpg
코스피 6000,rUX7RMcpcpI,코스피 6000시대 법왜곡죄 만드는 나라! 신동욱,보수의 시선,24653,6875,116,PT1M49S,2026-02-26T08:11:30Z,https://i.ytimg.com/vi/rUX7RMcpcpI/mqdefault.jpg
코스피 6000,I2khNUNGCmg,코스피 6000 돌파💥 주식 투자자의 지지세를 얻은 李 대통령 TV CHOSUN 260228 방송 | [강적들] 629회 | TV조선,TVCHOSUN - TV조선,24095,172,100,PT5M48S,2026-02-28T14:40:37Z,https://i.ytimg.com/vi/I2khNUNGCmg/mqdefault.jpg
코스피 6000,Rlg6Gt4bncU,[라이브] 코스피 6000 돌파! '공취모' 탈퇴 러쉬,2분News ,18458,3426,150,PT2H13M49S,2026-02-25T17:19:32Z,https://i.ytimg.com/vi/Rlg6Gt4bncU/mqdefault.jpg
코스피 6000,33q9qZehUYo,코스피 6000 임박! 카카오 그리고 2차전지 '이 종목' 반드시 매수해두세요! '이 시기' 무조건 반등할겁니다ㅣ종목의참견 요약본 김민형 전문가 손자희 앵커,E트렌드,17814,770,14,PT47M21S,2026-02-24T13:00:06Z,https://i.ytimg.com/vi/33q9qZehUYo/mqdefault.jpg
코스피 6000,BkzROlI1tts,"[속보] 코스피 6,000선 돌파…증시 새 역사 / 연합뉴스TV (YonhapnewsTV)",연합뉴스TV,15093,357,301,PT1M43S,2026-02-25T00:11:10Z,https://i.ytimg.com/vi/BkzROlI1tts/mqdefault.jpg
코스피 7000,9aIzTmNVe6I,"코스피 7000 돌파 기념, 조롱영상... 계속 조롱해주마",빛의 혁명:The Revolution of Light,1463418,37632,3763,PT1M13S,2026-05-06T03:15:00Z,https://i.ytimg.com/vi/9aIzTmNVe6I/mqdefault.jpg
코스피 7000,YZkhGLOGZc4,충격! 코스피7000에 분노하는 국민의힘,쭈쭈바,961730,49963,1902,PT1M45S,2026-05-06T21:51:43Z,https://i.ytimg.com/vi/YZkhGLOGZc4/mqdefault.jpg
코스피 7000,Nb_a8TeFWHo,[12시에 만나요] 역사의 날! 코스피 7400돌파!🔥 삼전닉스 아직도 안 샀어?ㅣ2026년 5월 6일 수요일,김어준의 겸손은힘들다 뉴스공장,588851,51228,972,PT1H6M51S,2026-05-06T04:05:57Z,https://i.ytimg.com/vi/Nb_a8TeFWHo/mqdefault.jpg
코스피 7000,dLKWWMQTOJ4,코스피 7000 돌파!! 큰손들 돈 몰린 곳!!,탑맵,577048,2646,2,PT6S,2026-05-06T07:19:38Z,https://i.ytimg.com/vi/dLKWWMQTOJ4/mqdefault.jpg
코스피 7000,6n63pCPik2I,코스피 너무 많이 올랐다고?? 이제 끝이라고?? #주식아가방 #12시에_만나요 #이광수대표 #박시동 #주식투자 #주식시장 #개미투자자 #코스피 #코스닥 #코스피7000,욱이형 정치폭격,466770,3974,22,PT23S,2026-05-06T02:30:10Z,https://i.ytimg.com/vi/6n63pCPik2I/mqdefault.jpg
코스피 7000,3LuP6xRi69M,정청래가 코스피 7000돌파가 이 대통령 덕분이라 하자 한동훈이 한 말,정치시사 모아보기,462561,12041,91,PT27S,2026-05-09T06:43:44Z,https://i.ytimg.com/vi/3LuP6xRi69M/mqdefault.jpg
코스피 7000,7lEXwNcV084,"국힘 또…역대급 7천피에 ""대통령직 운 좋아 유지"" #비하인드뉴스 / JTBC 뉴스룸",JTBC News,431860,7470,7263,PT4M3S,2026-05-06T11:58:01Z,https://i.ytimg.com/vi/7lEXwNcV084/mqdefault.jpg
코스피 7000,AtmAIEVuhoQ,"코스피7000이 운이라고? 30년 걸린 3천, 9개 월만에 7천",국민이 주인이다,394471,17710,671,PT57S,2026-05-07T12:44:35Z,https://i.ytimg.com/vi/AtmAIEVuhoQ/mqdefault.jpg
코스피 7000,i2fNLIKDhEo,"빅테크 실적 잭팟, 코스피 7,000 임박",슈카월드,391888,4486,437,PT29M26S,2026-05-04T09:53:00Z,https://i.ytimg.com/vi/i2fNLIKDhEo/mqdefault.jpg
코스피 7000,5bkp1gm7ghA,"""코스피 7,000 환호"" 속 숨겨진 진실들  | 오건영 단장 1부 [주말인터뷰]",삼프로TV 3PROTV,314405,7615,228,PT52M47S,2026-05-09T00:00:06Z,https://i.ytimg.com/vi/5bkp1gm7ghA/mqdefault.jpg
코스피 7000,utuJ4A69RwM,전쟁에도 코스피 급등…외국인 돌아오자 ‘8500 전망’까지 나온 이유,KBS 경제한방,301789,4177,455,PT9M14S,2026-05-03T22:30:23Z,https://i.ytimg.com/vi/utuJ4A69RwM/mqdefault.jpg
코스피 7000,aYoVDRilsTI,"[뉴스하이킥] 코스피 사상 첫 7000선 돌파...지금 들어가도 되나? - 곽상준, MBC 260506 방송",MBC 라디오 시사,263538,3784,338,PT17M5S,2026-05-06T11:04:22Z,https://i.ytimg.com/vi/aYoVDRilsTI/mqdefault.jpg
코스피 7000,1kBiDnuOPPU,"코스피 7,000 시대 개막! 진중권의 굴욕(사이다 주의)",시사약수터,235025,2123,254,PT32S,2026-05-07T02:30:01Z,https://i.ytimg.com/vi/1kBiDnuOPPU/mqdefault.jpg
코스피 7000,z7wIM9nVBIM,주여! 한번만 더!ㅠ #매불쇼 #코스피 #최욱 #이광수 #이지선 #주식 #한국주식 #코스피7000,븅큐베이팅,208875,2522,101,PT1M7S,2026-05-05T02:35:40Z,https://i.ytimg.com/vi/z7wIM9nVBIM/mqdefault.jpg
코스피 7000,fkOvVz7l-HU,코스피 7000 돌파 눈앞…공매도 잔고 20조 '사상 최대' 1위는 현대차｜지금 이 뉴스,JTBC News,205108,1032,619,PT1M17S,2026-05-05T01:38:50Z,https://i.ytimg.com/vi/fkOvVz7l-HU/mqdefault.jpg
코스피 7000,o7xWB5uD2cw,"""코스피 7000 찍었는데 내 계좌는 왜 마이너스냐"" 삼성전자 사면 돈 번다는 말의 잔혹한 진실",이코노메이션,182430,5460,759,PT24M16S,2026-05-09T10:42:25Z,https://i.ytimg.com/vi/o7xWB5uD2cw/mqdefault.jpg
코스피 7000,fPa-qHsBqXA,"코스피 7000 뚫은 날! '작심'한 대통령, 금융권 '작태' 직격!",전주MBC News,141731,3543,592,PT12M35S,2026-05-06T08:32:06Z,https://i.ytimg.com/vi/fPa-qHsBqXA/mqdefault.jpg
코스피 7000,Ok7kyd1D87I,"코스피 7,000시대가 눈앞인데 정치가 가로막고 있다?#shorts",뭐하노,120721,4423,148,PT1M55S,2026-05-04T11:57:01Z,https://i.ytimg.com/vi/Ok7kyd1D87I/mqdefault.jpg
코스피 7000,uqTsm4xDPq8,코스피 7천 돌파 !  조회수 핫한 투자전략 모아보기 #코스피7000 #김진 #강재헌 #염승환 #나탈리허 #이진우 #이정민 #머니쇼 #삼성전자 #sk하이닉스 #주식투자,SBS Biz 뉴스,117189,1207,9,PT2M32S,2026-05-06T07:58:19Z,https://i.ytimg.com/vi/uqTsm4xDPq8/mqdefault.jpg
코스피 7000,pE0McXi_PcA,한국주식 이제 시작이다? 어디까지 갈까? #코스피7000 #12시에만나요,정치블루스,115927,1440,4,PT32S,2026-05-07T06:22:09Z,https://i.ytimg.com/vi/pE0McXi_PcA/mqdefault.jpg
코스피 7000,amLu5YYfJVA,"코스피 7000 돌파를 향한 .. 미친 상승이 시작된 이유 / 삼성전자, SK하이닉스 레버리지 ETF 나오는 날 한국증시는?ㅣ이권희 대표",815머니톡,112835,3481,95,PT24M18S,2026-05-04T08:30:00Z,https://i.ytimg.com/vi/amLu5YYfJVA/mqdefault.jpg
코스피 7000,6w6BXe7l-mo,"부러져도 즐긴다…삼성전자에만 쏠리는 수급, 시장에 묻힌 이야기 | 윤지호 경제평론가ㅣ김치형 앵커",한국경제TV,111962,1979,104,PT25M44S,2026-05-06T07:22:20Z,https://i.ytimg.com/vi/6w6BXe7l-mo/mqdefault.jpg
코스피 7000,npynhW4IBx4,"코스피 7000 시대인 지금, 마지막까지 팔지 말아야 할 주식 (윤지호 경제평론가)",김작가 TV,101275,1656,50,PT15M8S,2026-05-06T09:34:16Z,https://i.ytimg.com/vi/npynhW4IBx4/mqdefault.jpg
코스피 7000,QLxId9MV62U,"""코스피 7000 돌파 실화! 삼성전자·SK하이닉스 동반 폭등 지금 확인하세요""",N 포인트,100171,1082,10,PT1M,2026-05-06T06:48:38Z,https://i.ytimg.com/vi/QLxId9MV62U/mqdefault.jpg
코스피 7000,uyHELLwYUFU,"[시장함께읽기] 5월 4일, 미국 개인투자자들이 몰려온다! 코스피 7000 임박(황산가격 급등, OPEC의 균열, 5월 전략, 한국수출, 반도체, 조선, 화장품)",염블리와 함께 [LS증권],88496,4782,176,PT1H2M35S,2026-05-04T09:01:29Z,https://i.ytimg.com/vi/uyHELLwYUFU/mqdefault.jpg
코스피 7000,LHK6Cpngs4Y,"코스피 7,000 돌파! 한국주식 증권사 목표 주가전망 상향 TOP10",이한울경제TV,85115,162,4,PT6S,2026-05-06T10:10:00Z,https://i.ytimg.com/vi/LHK6Cpngs4Y/mqdefault.jpg
코스피 7000,ZkIIFtVKpSs,[집중진단] 코스피 7000 초읽기…외국인 강매수 속 23만전자·144만닉스 돌파,SBS Biz 뉴스,76594,1144,42,PT30M48S,2026-05-04T07:43:26Z,https://i.ytimg.com/vi/ZkIIFtVKpSs/mqdefault.jpg
코스피 7000,ecJfoQcddQg,[갓생쇼] '코스피 7000 주역' 삼성전자 25만·SK하이닉스 160만 터치｜'불쏘시개' ETF '증시↑→자금유입→증시↑' 선순환 with 염승환 애널리스트｜KBS 260506,KBS 1라디오,69384,919,38,PT19M5S,2026-05-06T04:11:50Z,https://i.ytimg.com/vi/ecJfoQcddQg/mqdefault.jpg
코스피 7000,Le7pM8b8Yfs,"""코스피 7,000돌파! 축제 분위기에 이재명 대통령이 화난 진짜 이유?""",국민편 이잼,69244,2343,48,PT47S,2026-05-08T08:00:20Z,https://i.ytimg.com/vi/Le7pM8b8Yfs/mqdefault.jpg
코스피 7000,zYXw4pqNS5E,코스피 7000의 숨은 주역들,피식대학Psick Univ,68019,390,8,PT44S,2026-05-06T09:02:00Z,https://i.ytimg.com/vi/zYXw4pqNS5E/mqdefault.jpg
코스피 7000,VRuO3qzPEQk,"코스피 7000 앞에서 공매도 잔고 20조 사상 최대, 이 구조가 진짜 '기회'인 이유",경제사냥꾼,63734,3297,125,PT12M5S,2026-05-05T10:40:08Z,https://i.ytimg.com/vi/VRuO3qzPEQk/mqdefault.jpg
코스피 7000,l20CNJTsmQY,"코스피 7000 시대, 어디까지 올라갈까?ㅣ가장 큰 리스크? ""6월 스페이스X""ㅣ'염블리' 염승환 LS증권 이사",박성태의 뉴스쇼,62550,1061,43,PT20M47S,2026-05-08T01:20:02Z,https://i.ytimg.com/vi/l20CNJTsmQY/mqdefault.jpg
코스피 7000,m0KoZ0kV4Qw,코스피 7000으로 이재명 정부가 이룬 어마어마한 것들,사이다 저장소,58421,1812,11,PT36S,2026-05-06T13:23:35Z,https://i.ytimg.com/vi/m0KoZ0kV4Qw/mqdefault.jpg
코스피 7000,T5_ZCHWjyDM,세계가 놀란 코스피 7000 / 개헌 가자! / 샤이 보수는 허수 / 하정우 부산 북구갑 압도 등 + 조국 대표 #평택을,[공식] 새날,58105,7965,167,PT2H36M59S,2026-05-06T09:58:49Z,https://i.ytimg.com/vi/T5_ZCHWjyDM/mqdefault.jpg
코스피 7000,jCX_wuexJ6A,"[이슈체크] 코스피 7400까지 단숨에 돌파…삼전·SK하닉, 지금이라도 사? 말아?",SBS Biz 뉴스,56702,646,59,PT20M47S,2026-05-06T07:32:13Z,https://i.ytimg.com/vi/jCX_wuexJ6A/mqdefault.jpg
코스피 7000,xgEXzz066Us,"코스피 7000? 개헌? 조작기소특검? ""우리는 지금 모두 속고 있다""",BMTV 방미TV,55658,5490,371,PT8M8S,2026-05-07T08:45:51Z,https://i.ytimg.com/vi/xgEXzz066Us/mqdefault.jpg
코스피 7000,8BTNg2hu7ec,"[오늘 이 뉴스] 코스피 7,400 '폭풍 상승'.. 1년 전엔 얼만지 봤더니.. (2026.05.06/MBC뉴스)",MBCNEWS,55653,1646,436,PT2M17S,2026-05-06T08:19:55Z,https://i.ytimg.com/vi/8BTNg2hu7ec/mqdefault.jpg
코스피 7000,D3HQi8Bwpm0,코스피 7000 달성! 이재명 정부의 성과 #명민준 #국장,정치한입,50919,1374,30,PT36S,2026-05-06T15:00:20Z,https://i.ytimg.com/vi/D3HQi8Bwpm0/mqdefault.jpg
코스피 7000,FoFIZxfnJxY,"삼전•하이닉스 다음 타자, 수주 폭발 전력 TOP5 #코스피7000 #AI전력인프라 #전력기기 #두산에너빌리티 #비에이치아이 #한화엔진 #대한전선 #GST #가치투자 주식공부",주읽남-주식 읽어주는 남자,48764,1012,2,PT1M43S,2026-05-08T09:00:20Z,https://i.ytimg.com/vi/FoFIZxfnJxY/mqdefault.jpg
코스피 7000,Z72FwDGbEv4,"[풀영상]🔴코스피 7000 첫 돌파/절윤은커녕 친윤/자신감 찾은 장동혁, 흔들리는 한동훈(이정주, 장성철, 김광일, 송영훈) [질문하는 기자 260506]",이정주의 질문하는 기자,48149,2797,145,PT1H13M11S,2026-05-06T11:42:24Z,https://i.ytimg.com/vi/Z72FwDGbEv4/mqdefault.jpg
코스피 7000,07fI58qWC6c,연임이 답이다 !! #코스피7000 #이재명 #민주당 #국짐당,폴리버스,48090,2223,167,PT1M9S,2026-05-06T10:28:49Z,https://i.ytimg.com/vi/07fI58qWC6c/mqdefault.jpg
코스피 7000,WDxRQDNc8Eg,[전래동] 사상 첫 코스피 7000 돌파! / 이제 여성들도 윤어게인? / 지선 여론조사 분석!  (명민준 강미정 김예니),여의도 옆 문래동,46056,5795,187,PT1H35M31S,2026-05-06T04:57:42Z,https://i.ytimg.com/vi/WDxRQDNc8Eg/mqdefault.jpg
코스피 7000,LLMpeM6VtQ8,꿈의 코스피 7000 돌파하자 다시 소환된 다섯 사람은?,엠키타카 MKTK,43486,964,672,PT3M47S,2026-05-06T01:16:47Z,https://i.ytimg.com/vi/LLMpeM6VtQ8/mqdefault.jpg
코스피 7000,yBZnHD12HEo,"주식아가방 / 코스피 7,000 코앞! 이번주 주식 시장은? 김어준의 전망은? #뉴스공장 #주식초보 #아가방 #주식투자",DJ 여행&여가,43442,579,2,PT2M59S,2026-05-05T04:01:06Z,https://i.ytimg.com/vi/yBZnHD12HEo/mqdefault.jpg
코스피 7000,XhugKXDK2eY,[1분 집중] 김영진 “코스피 7000 시대..국민들 효능감 느껴”,MBC 라디오 시사,39028,898,28,PT1M34S,2026-05-07T02:33:00Z,https://i.ytimg.com/vi/XhugKXDK2eY/mqdefault.jpg
코스피 7000,KbhLparRoyY,코스피 단숨에 7천 뚫었다‥삼전·닉스 '훨훨' (2026.05.06/12MBC뉴스),MBCNEWS,32384,691,230,PT2M7S,2026-05-06T03:12:01Z,https://i.ytimg.com/vi/KbhLparRoyY/mqdefault.jpg
코스피 7000,ahzDSUhs5Jw,"🔴[260505] 우석진, 쾌속질주 코스피 7000 다지고 공방할 것-정진석 “추경호는 되고 난 안돼?"" (우석진 이건태 윤희웅 한상진)",장윤선의 취재편의점,30903,2736,1,PT2H45M37S,2026-05-05T07:25:30Z,https://i.ytimg.com/vi/ahzDSUhs5Jw/mqdefault.jpg
코스피 7000,JTpi6mtNspI,[풀영상] 뉴스9 : 코스피 7000도 넘었다…‘삼전닉스’ 올해 90% 급등에도 “더 오를 것” – 2026년 5월 6일(수) / KBS,KBS News,30003,307,14,PT46M59S,2026-05-06T13:05:37Z,https://i.ytimg.com/vi/JTpi6mtNspI/mqdefault.jpg
코스피 7000,vRrUEBsWPq0,"칠천피 시대! 남은 건 '주도주'뿐…신고가 이후 전략은?ㅣ홍선애, 이다솔 메리츠증권 강남프리미어센터 지점장 [여의도 인사이트]",삼프로TV 3PROTV,28437,717,27,PT46M11S,2026-05-06T08:58:04Z,https://i.ytimg.com/vi/vRrUEBsWPq0/mqdefault.jpg
코스피 7000,vJ7cq_nTNZk,[뉴스센터] ‘꿈의 7천피’ 시대 열렸다…코스피 어디까지? / 연합뉴스TV (YonhapnewsTV),연합뉴스TV,25576,485,84,PT21M29S,2026-05-06T04:20:50Z,https://i.ytimg.com/vi/vJ7cq_nTNZk/mqdefault.jpg
코스피 8000,ZdmoIeZr5Q4,"코스피 8000 찍자 마자 급락하는 이유(ft.삼성전자, SK하이닉스,현대)",전인구경제연구소,444663,10558,899,PT11M37S,2026-05-15T04:01:31Z,https://i.ytimg.com/vi/ZdmoIeZr5Q4/mqdefault.jpg
코스피 8000,3NPa2UoimS4,"""코스피 8000서 급락"" 보다 더 무서운 것 | 박병창 MP파트너스 대표 [주말인터뷰]",삼프로TV 3PROTV,373705,7350,516,PT44M55S,2026-05-15T23:00:03Z,https://i.ytimg.com/vi/3NPa2UoimS4/mqdefault.jpg
코스피 8000,2JQy0jGwYtw,코스피 8000 찍자마자 급락! 아침에 터진 ‘악재 2개’,좋은미래만들기,291610,2151,38,PT59S,2026-05-16T09:06:23Z,https://i.ytimg.com/vi/2JQy0jGwYtw/mqdefault.jpg
코스피 8000,oc02YbX2Cho,"코스피 8000, 장동혁 나라 망해라 제사 지내나?",이슈카톡,214040,6895,822,PT40S,2026-05-15T06:28:44Z,https://i.ytimg.com/vi/oc02YbX2Cho/mqdefault.jpg
코스피 8000,4WnzIWytCZc,"코스피 8000 찍고 급락, 지금 사야 할까 기다려야 할까 ㅣ 허재환·이경민 ㅣ 경제전쟁꾼",한국경제TV,184587,3337,202,PT51M12S,2026-05-15T22:00:25Z,https://i.ytimg.com/vi/4WnzIWytCZc/mqdefault.jpg
코스피 8000,9Yo42_wntRo,"""삼성전자 이렇게 하세요"" 코스피 8000찍고 폭락! 5월 무시무시한 일 벌어진다 (차영주 소장 / 2부)",신사임당,173235,2503,112,PT9M52S,2026-05-15T04:00:10Z,https://i.ytimg.com/vi/9Yo42_wntRo/mqdefault.jpg
코스피 8000,pVhuw5yzpss,"코스피 8,000선 턱밑 급락...'건강한 휴식'입니다 | 이선엽  AFW파트너스 대표ㅣ김치형 앵커",한국경제TV,163668,3070,179,PT24M35S,2026-05-12T07:06:43Z,https://i.ytimg.com/vi/pVhuw5yzpss/mqdefault.jpg
코스피 8000,-ztJhh_T8S4,"[#찐시황]  코스피 8000 축포 쏘자마자 주가폭락... 검은 금요일 쇼크 / 머리가 하얘질 정도의 역대급 변동성 ""어떻게 대응하나"" | 김동엽 대표",815머니톡,142821,3403,275,PT23M46S,2026-05-15T11:00:03Z,https://i.ytimg.com/vi/-ztJhh_T8S4/mqdefault.jpg
코스피 8000,Qk3bBKg7pc0,"[1분 주식 완벽 정리] 코스피 8,000 돌파 직전 폭락. 사이드카까지 발동됐어요. 왜 이런 일이?",FutureScope,122757,2710,25,PT3M,2026-05-15T09:38:21Z,https://i.ytimg.com/vi/Qk3bBKg7pc0/mqdefault.jpg
코스피 8000,U3eUgaIl2Vc,빚내서 부동산은 ok? 주식은 no? #코스피8000 #주식 #부동산,시사썰전,107034,1492,26,PT1M30S,2026-05-17T05:30:05Z,https://i.ytimg.com/vi/U3eUgaIl2Vc/mqdefault.jpg
코스피 8000,GtkoLLi4OSU,"트럼프 비밀경호국 vs 시진핑 경호원 충돌...왜?/ 코스피8000찍고 폭락...韓증시 이대로 무너지나/ ""저희 회사 망한 것 같아요""...삼성전자 충격폭로 [이것이 뉴스다]",펜앤마이크TV,106011,14507,301,PT2H18M33S,2026-05-15T11:25:01Z,https://i.ytimg.com/vi/GtkoLLi4OSU/mqdefault.jpg
코스피 8000,tLiGws8ElcY,코스피8000 다 이유가 있었다! 노벨경제상 수상자와의 특별한 인연,이슈 김삿갓,103899,5384,68,PT2M39S,2026-05-15T05:56:26Z,https://i.ytimg.com/vi/tLiGws8ElcY/mqdefault.jpg
코스피 8000,8JxyGfdZN4o,"""삼성전자 심상치 않다"" 외국인 한국주식 파는 이유, 코스피 8000 찍고 급락은 '이 주식' 매수기회입니다 [인생주식]",주식장인,95103,0,402,PT29M44S,2026-05-18T09:00:09Z,https://i.ytimg.com/vi/8JxyGfdZN4o/mqdefault.jpg
코스피 8000,bU5Me2183sE,"[#긴급 시황] 코스피 8,000 터치 후 급락..  건강한 조정 인가, 폭락장의 서막 인가? / 물려도 '주도주'에 물려야 살아남는 이유ㅣ김민수 대표",815머니톡,87943,2036,71,PT25M45S,2026-05-15T08:00:39Z,https://i.ytimg.com/vi/bU5Me2183sE/mqdefault.jpg
코스피 8000,CzNEjsc9wkU,코스피 8000이 코 앞인데 돈깡은 어떻게 하고 있을까?,강민우 돈깡TV,77922,1568,143,PT11M30S,2026-05-13T11:00:15Z,https://i.ytimg.com/vi/CzNEjsc9wkU/mqdefault.jpg
코스피 8000,tEBJ0Yx92sk,"""코스피 8000찍고 수직하락 마감?!"" 지금 조정이 오히려 '저점 매수' 기회인 이유",경제사냥꾼,71731,3376,239,PT16M8S,2026-05-15T12:20:20Z,https://i.ytimg.com/vi/tEBJ0Yx92sk/mqdefault.jpg
코스피 8000,ZL0HRA0svSI,코스피 8000피 코앞에서 대폭락? 삼전·닉스 5조 투매의 진실ㅣ반도체 쉴 때 외인이 '미친 듯' 담는 이 종목에 주목!ㅣ김문석·강재현·김민재 ㅣ 진짜주식 2부,한국경제TV,67550,898,101,PT55M12S,2026-05-12T13:14:27Z,https://i.ytimg.com/vi/ZL0HRA0svSI/mqdefault.jpg
코스피 8000,LTWuyOQd8h4,"""삼성전자 이렇게 해라"" 코스피 8000에 바로 폭락! 곧 무시무시한 일 발생한다 (차영주 소장 / 통합본 1부)",신사임당 저장소(투자),57345,1104,54,PT20M32S,2026-05-16T04:00:18Z,https://i.ytimg.com/vi/LTWuyOQd8h4/mqdefault.jpg
코스피 8000,WvtTfV49kyc,코스피 8000 찍자마자 마이너스 6퍼센트 폭락 국민연금 150조 매도 폭탄의 진짜 시작일까,이코노메이션,52159,2663,362,PT22M42S,2026-05-16T08:12:17Z,https://i.ytimg.com/vi/WvtTfV49kyc/mqdefault.jpg
코스피 8000,GCK4kHYdtM0,"""외국인들이 다 파는 이유"" 코스피 8000 뚫고 폭락 중! 곧 무시무시한 일 벌어지나 (이영훈 영업이사 / 풀버전)",신사임당,51203,1052,33,PT46M56S,2026-05-17T06:30:06Z,https://i.ytimg.com/vi/GCK4kHYdtM0/mqdefault.jpg
코스피 8000,xTXCPJAQQaM,역사적 대사건 코스피 8000 시대의 개막 / 보수의 과표집 의미는? / 각종 단일화의 시작 / 극우가 트럼프를 기다렸던 이유 있었네 등,[공식] 새날,47610,6684,35,PT2H12M48S,2026-05-15T09:36:58Z,https://i.ytimg.com/vi/xTXCPJAQQaM/mqdefault.jpg
코스피 8000,o2CPuZA_gVE,주식 급락🔥코스피 8000이 전생같네..개미멘붕,유기주식테라피 ,47537,1029,89,PT14M25S,2026-05-18T10:56:51Z,https://i.ytimg.com/vi/o2CPuZA_gVE/mqdefault.jpg
코스피 8000,xpFdJ3OradA,"[마감브리핑] 코스피 8,000선 목전에서 하락 (2026년 5월 12일)",삼성증권,43114,25,1,PT2M26S,2026-05-12T07:21:36Z,https://i.ytimg.com/vi/xpFdJ3OradA/mqdefault.jpg
코스피 8000,URlvh7Opt9o,"[속보] 코스피 8,000 찍고 -6% 폭락, 외국인 5조 6,607억 투매ㅣ개미가 놓친 블룸버그의 단 한 단어, 월요일 살아남는 법",역사경제해결사,39381,1466,105,PT20M13S,2026-05-16T06:31:03Z,https://i.ytimg.com/vi/URlvh7Opt9o/mqdefault.jpg
코스피 8000,3joK2AUpqa4,"급락장 투자자, 심신안정, 용두, 코스피8000, 제주 초보, 하금지 & 주식계좌공개",쭈압,36886,1100,331,PT25M9S,2026-05-15T22:49:56Z,https://i.ytimg.com/vi/3joK2AUpqa4/mqdefault.jpg
코스피 8000,Yl7dGhp5Upg,코스피 8000 축하,취미부자 빈플렉스,34861,248,45,PT44S,2026-05-17T10:00:44Z,https://i.ytimg.com/vi/Yl7dGhp5Upg/mqdefault.jpg
코스피 8000,wGSf6A85kRE,"코스피 8,000 넘은 지금! 들어오시려고요? 지금 들어오지 마세요 (개인만 8조 샀다)",슈퍼개미 이세무사TV,34124,1471,111,PT15M28S,2026-05-15T09:30:07Z,https://i.ytimg.com/vi/wGSf6A85kRE/mqdefault.jpg
코스피 8000,v83HrRZQOB8,코스피 8000시대를 두려워 하는 자들 #코스피 #경제지 #이재명 #코스피 10000,폴리버스,31338,1828,108,PT1M7S,2026-05-12T12:01:35Z,https://i.ytimg.com/vi/v83HrRZQOB8/mqdefault.jpg
코스피 8000,7ENolqUEomc,5월14일(목)(모바일)코스피8000가고 그 다음은??!#삼성전자 #sk하이닉스 #현대차 #무료검색기 #주식차트,알로비밀타점,28903,664,9,PT2H7M28S,2026-05-14T14:08:58Z,https://i.ytimg.com/vi/7ENolqUEomc/mqdefault.jpg
코스피 8000,uj5xfoXyF38,외국인들이 나갔다? 개인은 매수 #시동위키 #코스피8000,정치블루스,28687,479,1,PT40S,2026-05-15T02:20:49Z,https://i.ytimg.com/vi/uj5xfoXyF38/mqdefault.jpg
코스피 8000,Vpdwv7Imo28,"[브레이킹 나우] 코스피 8000선 돌파 압두고 5% 급락, 블룸버그가 지목한 진짜 이유는 김용범의 'AI 국민배당' 때문?!#shorts",뉴스TVCHOSUN,28048,309,83,PT1M10S,2026-05-12T11:21:02Z,https://i.ytimg.com/vi/Vpdwv7Imo28/mqdefault.jpg
코스피 8000,H9jhFERyTrw,트럼프 ”이란 시간 얼마 남지 않았다“ / 코스피 8000보다 중요한 이것 / 미국도 마이크론 등 반도체 급락  #미국중국 #테슬라 #엔비디아 #반도체 #삼전 #에코프로 #하이닉스,서정덕TV,27592,4309,11,PT1H17M25S,2026-05-17T23:02:02Z,https://i.ytimg.com/vi/H9jhFERyTrw/mqdefault.jpg
코스피 8000,ZFwmIWIgqiY,5월12일(화)(모바일)코스피 8000 앞에서 무너지다. 원인! 대비!#삼성전자 #sk하이닉스 #현대차 #무료검색기 #주식차트,알로비밀타점,26398,568,6,PT1H53M1S,2026-05-12T14:45:36Z,https://i.ytimg.com/vi/ZFwmIWIgqiY/mqdefault.jpg
코스피 8000,qKhx7x_YaZ0,"이런 인연이?! 코스피 8,000을 돌파한 오늘!! 이 대통령이 만난 이 손님은? #이재명 #대통령  #이재명대통령 #이매진",KTV 이매진,25030,2415,34,PT32S,2026-05-15T03:39:16Z,https://i.ytimg.com/vi/qKhx7x_YaZ0/mqdefault.jpg
코스피 8000,e485K9tzRBY,"코스피 8000 돌파 직후 대폭락한 진짜 이유?와 삼성전자 주가 전망 코스피 8000찍고 폭락하나, 곧 무서운 일 벌어진다 ""한주라도 갖고 있다면 이렇게해라!",하루 경제학,24237,1254,57,PT25M47S,2026-05-18T22:00:38Z,https://i.ytimg.com/vi/e485K9tzRBY/mqdefault.jpg
코스피 8000,CVJd2ihPNoQ,"코스피 8,000에서 7,300까지 급락 앞으로 주가 향방은?",딜사이트경제TV,23715,354,0,PT1M12S,2026-05-18T04:56:45Z,https://i.ytimg.com/vi/CVJd2ihPNoQ/mqdefault.jpg
코스피 8000,Z_Uo6lXAu14,[경제읽기] 코스피 8000 첫 돌파…한국 증시 새 역사 / 연합뉴스TV (YonhapnewsTV),연합뉴스TV,23498,393,33,PT23M9S,2026-05-15T04:51:45Z,https://i.ytimg.com/vi/Z_Uo6lXAu14/mqdefault.jpg
코스피 8000,GtLp1td0BXg,'1만피 시대 온다' 8천피 돌파 후 건강한 조정기 생존 전략! #코스피전망 #코스피8000 #투자전략,머니팜 한국경제TV,22338,729,17,PT22M2S,2026-05-16T04:42:41Z,https://i.ytimg.com/vi/GtLp1td0BXg/mqdefault.jpg
코스피 8000,ThXIH3mE-dI,"지금 시장, 무거운 대장주보다 이쪽?! 코스피 8000 돌파! 삼전·하이닉스가 비싸? 그럼 이 종목 주목하세요!",슈퍼개미 이세무사TV,18832,1154,83,PT17M,2026-05-14T09:59:16Z,https://i.ytimg.com/vi/ThXIH3mE-dI/mqdefault.jpg
코스피 8000,We58TeX1rho,"코스피 8,000 돌파하자 대뜸 나타나 '우리 덕분'이라는 국힘 장동혁",정치셔틀,15991,1289,9,PT1M25S,2026-05-17T20:00:02Z,https://i.ytimg.com/vi/We58TeX1rho/mqdefault.jpg
코스피 8000,7RKbZiGlXCY,코스피 8000 돌파했는데 위험한 이유 #삼성노조 #이재명 #경제,더불어뉴스,15764,563,47,PT44S,2026-05-15T05:38:19Z,https://i.ytimg.com/vi/7RKbZiGlXCY/mqdefault.jpg
코스피 8000,yehQ3VvTnX8,"[투자의 눈] 코스피 8000 이후 증시 전망 / 삼성전자 SK하이닉스 삼성전기 / 현대차 LG전자 로보스타 / 미래에셋증권 키움증권 / 윤혜림 대표, 이건희 대표 / 매일경제TV",매일경제TV,14499,187,0,PT20M23S,2026-05-15T05:13:06Z,https://i.ytimg.com/vi/yehQ3VvTnX8/mqdefault.jpg
코스피 8000,oM5CzBZ3Jvs,"코스피 8,000 찍고 사이드카.. 글로벌 증시 폭락 시작됐나?",상승효과TV,14316,711,90,PT17M58S,2026-05-15T15:28:44Z,https://i.ytimg.com/vi/oM5CzBZ3Jvs/mqdefault.jpg
코스피 8000,_jlchn-NDU8,"5월15일(금)코스피8000 찍고, 그 다음 주목할 섹터는?#삼성전자 #sk하이닉스 #현대차 #무료검색기 #주식차트",알로비밀타점,11671,622,11,PT8H12M29S,2026-05-15T07:49:38Z,https://i.ytimg.com/vi/_jlchn-NDU8/mqdefault.jpg
코스피 8000,WrmQBFGAmp4,5월14일(목)코스피8000을 받아드리는 우리들의 자세!#삼성전자 #sk하이닉스 #현대차 #무료검색기 #주식차트,알로비밀타점,10883,692,1,PT6H31M18S,2026-05-14T06:43:20Z,https://i.ytimg.com/vi/WrmQBFGAmp4/mqdefault.jpg
코스피 8000,s3YmKtKR1G0,"코스피 8,000 결국엔 갑니다! 삼성전자·SK하이닉스는 계속 사세요 [염승환 LS증권 이사]",딜사이트경제TV,10313,222,4,PT10M11S,2026-05-12T04:00:48Z,https://i.ytimg.com/vi/s3YmKtKR1G0/mqdefault.jpg
코스피 8000,nBRG2uFpnLk,"코스피 8000 찍고 폭락, 지금이 저점매수 기회인 이유",경제학 똑똑,9181,121,11,PT19M26S,2026-05-18T13:25:11Z,https://i.ytimg.com/vi/nBRG2uFpnLk/mqdefault.jpg
코스피 8000,SSImIr0A1wk,"""오늘 최승호 한마디에 내 주식 계좌가 갈린다"" — 코스피 8,000에서 578포인트 폭락, JP모건 43조 경고 삼성전자 파업까지 터졌다",역사경제해결사,8721,453,47,PT20M6S,2026-05-12T21:00:20Z,https://i.ytimg.com/vi/SSImIr0A1wk/mqdefault.jpg
코스피 8000,pnQr74xpLgE,[속보] 코스피 8000 돌파 !!!!!!!!!!,1일0식 ,8556,1440,2,PT1H21M32S,2026-05-15T01:39:02Z,https://i.ytimg.com/vi/pnQr74xpLgE/mqdefault.jpg
코스피 8000,KF_S11vufls,"코스피 8,000 돌파! 반도체·현대차 주도주 총정리 l #삼성전자 #sk하이닉스",슈퍼개미 이세무사TV,7609,390,44,PT21M39S,2026-05-15T08:00:13Z,https://i.ytimg.com/vi/KF_S11vufls/mqdefault.jpg